filename,caption
photos/c5ca049e-461a-4772-a510-59b565cd8054.jpg,""
photos/d1571da6-9ff7-4d86-b3ac-cd1a95251a83.jpg,""
photos/d3a24894-f583-438a-aae4-430ea931419c.jpg,""
photos/9cdc44cb-37df-4132-9a29-ac463e9fd498.jpg,""
photos/2c18a130-e2eb-4a1b-8da0-cccab105e988.jpg,""
photos/0809f4f0-5b66-412f-8602-33657f2c26e8.jpg,""
photos/10553de4-830c-4c28-b22a-793bc6e83d71.jpg,""
photos/efa10a78-766a-4131-b6e3-6b7533cd5032.jpg,""
photos/bf43d96c-e3e0-41de-ad30-e6eac524e327.jpg,""
photos/6c510c98-c779-4678-bf51-2112ce0ae5ba.jpg,""
photos/355593bb-e2db-457f-a413-0da72106f34c.jpg,""
photos/c85ba155-42b7-4d32-9b33-b4e5c0dcdfbf.jpg,""
photos/12964239-3dee-4a65-9205-77bbbce1878c.jpg,""
photos/0e8ae1f6-3681-4667-a19c-db5a9114290e.jpg,""
photos/e3e53448-b062-48a9-b69b-b7177bc73338.jpg,""
photos/14c7a76a-bd95-4c67-a156-a2b52d404762.jpg,""
photos/1f98af18-7812-4dea-9dee-7767eb170a68.jpg,""
photos/534743a1-67c9-44db-9f01-b3a1c09ae732.jpg,""
photos/ce8a5aa4-33a9-47bb-a4f8-f341b3db7676.jpg,""
photos/1b7d2b6d-e510-43d6-995b-d109f06b72cd.jpg,""
photos/15b196b1-a87e-48fc-93ce-99cf86cb8f6a.jpg,""
photos/ad8d5afb-21c1-4ff6-aaef-626ea71d0e86.jpg,""
photos/ad6f7dcd-3dc2-48cb-92f2-c280890fb600.jpg,""
photos/f17cc392-3da0-40af-95da-b7f9d683fe54.jpg,""
photos/095cd80d-83d6-4100-a2d3-0bea4108f4f0.jpg,""
photos/0a11339c-728f-4b7c-8aab-167227380d75.jpg,""
photos/9efcfab9-023d-482e-aae0-20e2a5f86a83.jpg,""
photos/59ab1fe0-0c1f-4b47-91cc-7d76699c5045.jpg,""
photos/bfe50de2-4c8f-4a36-9b92-aefd80df1ae5.jpg,""
photos/64531dfa-2872-485a-a056-fce4bceafd6a.jpg,""
photos/f1b0f023-5893-4a59-b860-7366a99660b6.jpg,""
photos/7e7a9645-d0e2-46bd-9289-83f9700c45f1.jpg,""
photos/741ee45c-6c28-4d23-9766-8f97c83250b6.jpg,""
photos/51b46510-9b5e-4c97-abca-3d4571c7a7f5.jpg,""
photos/9c43c8fd-7188-44df-a6b9-704239f553bf.jpg,""
photos/f9b68690-a01e-4973-9fba-c4c3befe0f62.jpg,""
photos/47cdd2d5-f643-40c3-adf3-534bad06a098.jpg,""
photos/5a42dcd4-7ef9-439c-92cf-bf4b1a2d0603.jpg,""
photos/0bf018d3-736d-4d51-be2e-ff4cac158176.jpg,""
photos/e3daaaa9-d0e1-4f34-b4af-a2dfb475924b.jpg,""
photos/ef812951-9f2e-459b-9029-c7e076938b39.jpg,Toonage
photos/5f3cbc70-a528-40f3-809a-af2f884b7dea.jpg,""
photos/e6131774-9221-4761-830d-ec09b8c1febc.jpg,""
photos/b024aa4b-82ca-4048-a8f1-b2723fcf2641.jpg,""
photos/53a71ae0-e8a4-41ff-be83-50f4aed67154.jpg,""
photos/21b1ca32-13fa-4bcd-83f4-92c831b2b42f.jpg,""
photos/fa39fbb0-1979-4188-92e1-c1e56125456a.jpg,""
photos/09c4bf16-c10d-4fa9-ab2d-0b002133eab1.jpg,""
photos/dcc2caab-82ac-42e9-bdce-0145724a2645.jpg,""
photos/add18e6b-677e-4076-81ee-5c18ddac093d.jpg,""
photos/563678b7-4626-4791-b977-3fc5a92bc8b1.jpg,""
photos/5fa63910-bdc9-40bc-8a41-f06387fce346.jpg,""
photos/063cec30-f3f5-439c-a95b-8a241fecd014.jpg,""
photos/d23ef0e5-8632-4f9b-b68d-bfce8e36b3c5.jpg,""
photos/d864bc83-ef00-45b4-835a-eff665be021b.jpg,""
photos/732f2994-3555-4296-898b-9bd9a18b55e0.jpg,""
photos/2ab64faa-abe8-48cd-9c2e-437709b98b46.jpg,""
photos/d9176b1a-d911-4ef0-ac67-2ac11be596e1.jpg,""
photos/dbef5f35-5be5-4621-8ac0-0777be59fda5.jpg,""
photos/86807e70-6e3d-4d19-a21a-0da21c85e691.jpg,""
photos/ebf55abc-83c4-444f-9ae8-c403d2d52518.jpg,""
photos/dc0f2721-56e3-401b-a265-7c1c97a7d0b9.jpg,""
photos/325d35f0-c09a-458c-b04f-0401633c44e0.jpg,""
photos/4c9bd3ac-ffcc-49dd-95fe-29f129688a18.jpg,""
photos/f63a553e-d862-42f2-9b42-cfdccec2bad8.jpg,""
photos/4976ff0a-f2e6-4118-b6d3-cfee5d929091.jpg,""
photos/e5797171-7815-4f2f-b08e-461c19752f88.jpg,""
photos/054c7928-2e62-405a-aa15-4658b043bdc7.jpg,""
photos/0eed90ee-cb48-4aa6-a250-c61a338067d2.jpg,""
